[
  {
    "id": "61263ea2-6534-4e4f-8312-8374ab3e2dc8",
    "name": "marcelo Caracci",
    "email": "mcaracci@gmail.com",
    "phone": "+5511123456789",
    "cpf": "00680011854",
    "amountCLP": "2342",
    "amountUSD": "2.48",
    "date": "2025-05-19T18:54:45.705Z",
    "status": "PENDIENTE"
  },
  {
    "id": "c577e9bd-51a2-4642-8d49-959b5ed3a1f6",
    "name": "marcelo Caracci",
    "email": "mcaracci@gmail.com",
    "phone": "+5511123456789",
    "cpf": "00680011854",
    "amountCLP": "2444",
    "amountUSD": "2.59",
    "date": "2025-05-19T18:57:03.216Z",
    "status": "PENDIENTE"
  },
  {
    "id": "4105ac8f-32b3-452c-b5d7-4f4918c091be",
    "name": "marcelo Caracci",
    "email": "mcaracci@gmail.com",
    "phone": "+5511123456789",
    "cpf": "00680011854",
    "amountCLP": "2342",
    "amountUSD": "2.48",
    "date": "2025-05-19T19:03:45.360Z",
    "status": "PENDIENTE"
  },
  {
    "id": "1a5c39e3-f79a-46f5-8f26-a073b44a09f9",
    "name": "marcelo Caracci",
    "email": "mcaracci@gmail.com",
    "phone": "+5511123456789",
    "cpf": "00680011854",
    "amountCLP": "2342",
    "amountUSD": "2.48",
    "date": "2025-05-19T19:03:46.466Z",
    "status": "PENDIENTE"
  },
  {
    "id": "7cb1a309-66c4-4355-8394-ba561344787a",
    "name": "marcelo Caracci",
    "email": "mcaracci@gmail.com",
    "phone": "+5511123456789",
    "cpf": "00680011854",
    "amountCLP": "2342",
    "amountUSD": "2.48",
    "date": "2025-05-19T19:03:47.335Z",
    "status": "PENDIENTE"
  },
  {
    "id": "982dd3a2-4ce2-4df2-a522-7ecd842ea2f3",
    "name": "marcelo Caracci",
    "email": "mcaracci@gmail.com",
    "phone": "+5511123456789",
    "cpf": "00680011854",
    "amountCLP": "2342",
    "amountUSD": "2.48",
    "date": "2025-05-19T19:03:47.570Z",
    "status": "PENDIENTE"
  },
  {
    "id": "3b6a1927-4b55-422f-ba2b-acea536677d8",
    "name": "marcelo Caracci",
    "email": "mcaracci@gmail.com",
    "phone": "+5511123456789",
    "cpf": "00680011854",
    "amountCLP": "2444",
    "amountUSD": "2.59",
    "date": "2025-05-19T19:04:26.098Z",
    "status": "PENDIENTE"
  },
  {
    "id": "7917fa53-dcc7-4cc4-8dcc-f4d50e2f1cf7",
    "name": "marcelo Caracci",
    "email": "mcaracci@gmail.com",
    "phone": "+5511123456789",
    "cpf": "00680011854",
    "amountCLP": "2444",
    "amountUSD": "2.59",
    "date": "2025-05-19T19:04:26.669Z",
    "status": "PENDIENTE"
  },
  {
    "id": "5041c023-ba71-4aa2-8d9b-811f09680987",
    "name": "marcelo Caracci",
    "email": "mcaracci@gmail.com",
    "phone": "+5511123456789",
    "cpf": "00680011854",
    "amountCLP": "2444",
    "amountUSD": "2.59",
    "date": "2025-05-19T19:04:27.062Z",
    "status": "PENDIENTE"
  },
  {
    "id": "094fc59c-e684-4198-926c-1392474eeccb",
    "name": "marcelo Caracci",
    "email": "mcaracci@gmail.com",
    "phone": "+5511123456789",
    "cpf": "00680011854",
    "amountCLP": "5000",
    "amountUSD": "5.29",
    "date": "2025-05-19T19:06:38.114Z",
    "status": "PENDIENTE"
  },
  {
    "id": "c28d5b57-b6f7-4235-aeff-cb0523713732",
    "name": "marcelo Caracci",
    "email": "mcaracci@gmail.com",
    "phone": "+5511123456789",
    "cpf": "00680011854",
    "amountCLP": "2444",
    "amountUSD": "2.59",
    "date": "2025-05-19T19:10:08.178Z",
    "status": "PENDIENTE"
  },
  {
    "id": "ca7c9e77-7e50-4362-9e92-a56a7e8675b1",
    "name": "marcelo Caracci",
    "email": "mcaracci@gmail.com",
    "phone": "+5511123456789",
    "cpf": "00680011854",
    "amountCLP": "5000",
    "amountUSD": "5.29",
    "date": "2025-05-19T19:13:38.218Z",
    "status": "PENDIENTE"
  },
  {
    "id": "c5f481de-3793-49c7-a732-1b976292de3a",
    "name": "marcelo Caracci",
    "email": "mcaracci@gmail.com",
    "phone": "+5511123456789",
    "cpf": "00680011854",
    "amountCLP": "5000",
    "amountUSD": "5.29",
    "date": "2025-05-19T19:15:41.697Z",
    "status": "PENDIENTE"
  },
  {
    "id": "c5bcd181-271c-4680-872b-425c4ff85ab4",
    "name": "marcelo Caracci",
    "email": "mcaracci@gmail.com",
    "phone": "+5511123456789",
    "cpf": "00680011854",
    "amountCLP": "5000",
    "amountUSD": "5.29",
    "date": "2025-05-19T19:16:20.973Z",
    "status": "PENDIENTE"
  },
  {
    "id": "da4ac1a1-4190-47ba-9460-0f723ca5e709",
    "name": "marcelo Caracci",
    "email": "mcaracci@gmail.com",
    "phone": "+5511123456789",
    "cpf": "00680011854",
    "amountCLP": "5000",
    "amountUSD": "5.29",
    "date": "2025-05-19T19:21:22.621Z",
    "status": "PENDIENTE"
  },
  {
    "id": "f161103e-dd79-41f5-a5ab-4ae3d014a25f",
    "name": "marcelo Caracci",
    "email": "mcaracci@gmail.com",
    "phone": "+5511123456789",
    "cpf": "00680011854",
    "amountCLP": "5000",
    "amountUSD": "5.29",
    "date": "2025-05-19T19:27:54.320Z",
    "status": "PENDIENTE"
  },
  {
    "id": "e400d72d-2ed3-4df4-bdbc-30d3f6e93df6",
    "name": "marcelo Caracci",
    "email": "mcaracci@gmail.com",
    "phone": "+5511123456789",
    "cpf": "00680011854",
    "amountCLP": "645654465",
    "amountUSD": "683232.24",
    "date": "2025-05-19T20:17:08.417Z",
    "status": "PENDIENTE"
  },
  {
    "id": "3ffa6d27-e43c-41cd-810a-8a81f6281413",
    "name": "marcelo Caracci",
    "email": "mcaracci@gmail.com",
    "phone": "+5511123456789",
    "cpf": "00680011854",
    "amountCLP": "1000",
    "amountUSD": "1.06",
    "date": "2025-05-19T20:17:20.691Z",
    "status": "PENDIENTE"
  },
  {
    "id": "72f31be8-417c-458e-b794-e43ed2fb7831",
    "name": "marcelo Caracci",
    "email": "mcaracci@gmail.com",
    "phone": "+5511123456789",
    "cpf": "00680011854",
    "amountCLP": "100000",
    "amountUSD": "105.82",
    "date": "2025-05-19T20:17:34.913Z",
    "status": "PENDIENTE"
  },
  {
    "id": "164807d1-15db-4bef-91a4-ce048a4d4151",
    "name": "marcelo Caracci",
    "email": "mcaracci@gmail.com",
    "phone": "+5511123456789",
    "cpf": "00680011854",
    "amountCLP": "100000",
    "amountUSD": "105.82",
    "date": "2025-05-19T20:26:36.791Z",
    "status": "PENDIENTE"
  },
  {
    "id": "56f45845-0eee-4326-860e-2ad9da4f54c5",
    "name": "marcelo Caracci",
    "email": "mcaracci@gmail.com",
    "phone": "+5511123456789",
    "cpf": "00680011854",
    "amountCLP": "100000",
    "amountUSD": "105.82",
    "date": "2025-05-19T20:26:37.433Z",
    "status": "PENDIENTE"
  },
  {
    "id": "dfc33548-8ec6-4305-a3c1-b62c0889dc05",
    "name": "marcelo Caracci",
    "email": "mcaracci@gmail.com",
    "phone": "+55143341",
    "cpf": "00680011854",
    "amountCLP": "344",
    "amountUSD": "0.36",
    "date": "2025-05-19T20:55:54.797Z",
    "status": "PENDIENTE"
  },
  {
    "id": "e093a51d-20df-4612-b72f-2646ff0d3d28",
    "name": "marcelo Caracci",
    "email": "mcaracci@gmail.com",
    "phone": "+55143341",
    "cpf": "00680011854",
    "amountCLP": "344",
    "amountUSD": "0.36",
    "date": "2025-05-19T20:55:56.024Z",
    "status": "PENDIENTE"
  },
  {
    "id": "e83383f6-bc2a-41a7-91ba-85f1dfcf3598",
    "name": "marcelo Caracci",
    "email": "mcaracci@gmail.com",
    "phone": "+55143341",
    "cpf": "00680011854",
    "amountCLP": "344",
    "amountUSD": "0.36",
    "date": "2025-05-19T20:55:57.873Z",
    "status": "PENDIENTE"
  },
  {
    "id": "3e2cac10-3831-4346-b2d2-3f253cebac67",
    "name": "marcelo Caracci",
    "email": "mcaracci@gmail.com",
    "phone": "+55143341",
    "cpf": "00680011854",
    "amountCLP": "344",
    "amountUSD": "0.36",
    "date": "2025-05-19T20:55:59.028Z",
    "status": "PENDIENTE"
  },
  {
    "id": "d3b5ec2f-e117-466f-ab68-f4746c0646ae",
    "name": "marcelo Caracci",
    "email": "mcaracci@gmail.com",
    "phone": "+55143341",
    "cpf": "00680011854",
    "amountCLP": "344",
    "amountUSD": "0.36",
    "date": "2025-05-19T20:56:00.208Z",
    "status": "PENDIENTE"
  },
  {
    "id": "27575bf4-494a-4ac9-9096-5e32877ebb44",
    "name": "marcelo Caracci",
    "email": "mcaracci@gmail.com",
    "phone": "+5511123456789",
    "cpf": "00680011854",
    "amountCLP": "344",
    "amountUSD": "0.36",
    "date": "2025-05-19T20:56:10.419Z",
    "status": "PENDIENTE"
  },
  {
    "id": "e55738cb-d739-472f-b57a-25c195671bd3",
    "name": "",
    "email": "",
    "phone": "+5511",
    "cpf": "00680011854",
    "amountCLP": "",
    "amountUSD": "0.00",
    "date": "2025-05-19T20:58:51.360Z",
    "status": "PENDIENTE"
  },
  {
    "id": "06e69f45-8277-4796-8d12-4f5ed19f3974",
    "name": "",
    "email": "",
    "phone": "+5511",
    "cpf": "00680011854",
    "amountCLP": "",
    "amountUSD": "0.00",
    "date": "2025-05-19T20:58:52.541Z",
    "status": "PENDIENTE"
  },
  {
    "id": "8c75cd76-1432-4a3f-a783-0408044ee3d2",
    "name": "",
    "email": "",
    "phone": "+5511",
    "cpf": "00680011854",
    "amountCLP": "",
    "amountUSD": "0.00",
    "date": "2025-05-19T20:58:53.529Z",
    "status": "PENDIENTE"
  },
  {
    "id": "64601134-ce11-4b7c-9890-11ad0b9fb3e8",
    "name": "",
    "email": "",
    "phone": "+5511",
    "cpf": "00680011854",
    "amountCLP": "",
    "amountUSD": "0.00",
    "date": "2025-05-19T20:58:54.088Z",
    "status": "PENDIENTE"
  },
  {
    "id": "308dfce2-fc61-42b6-93fc-b4d19759fd03",
    "name": "",
    "email": "",
    "phone": "+5511",
    "cpf": "00680011854",
    "amountCLP": "",
    "amountUSD": "0.00",
    "date": "2025-05-19T20:58:54.247Z",
    "status": "PENDIENTE"
  },
  {
    "id": "de4b005b-3c64-47a2-9e39-3c203b5ec92e",
    "name": "",
    "email": "",
    "phone": "+5511",
    "cpf": "00680011854",
    "amountCLP": "",
    "amountUSD": "0.00",
    "date": "2025-05-19T20:58:54.443Z",
    "status": "PENDIENTE"
  },
  {
    "id": "ae444abc-9117-4e1d-9785-4e1d75fa72df",
    "name": "marcelo Caracci",
    "email": "mcaracci@gmail.com",
    "phone": "+5511",
    "cpf": "00680011854",
    "amountCLP": "50000",
    "amountUSD": "52.91",
    "date": "2025-05-19T21:06:17.105Z",
    "status": "PENDIENTE"
  },
  {
    "id": "cd0b93ca-8299-441d-af8e-907c7edccf81",
    "name": "marcelo Caracci",
    "email": "mcaracci@gmail.com",
    "phone": "+5511",
    "cpf": "00680011854",
    "amountCLP": "50000",
    "amountUSD": "52.91",
    "date": "2025-05-19T21:06:21.216Z",
    "status": "PENDIENTE"
  },
  {
    "id": "4218bfca-e96c-4f4b-9c7a-f4c52dd9c1cb",
    "name": "",
    "email": "",
    "phone": "+5511",
    "cpf": "00680011854",
    "amountCLP": "",
    "amountUSD": "0.00",
    "date": "2025-05-19T21:15:14.553Z",
    "status": "PENDIENTE"
  },
  {
    "id": "cd3dfcdc-7bd5-4756-88ec-f768f632a53e",
    "name": "",
    "email": "",
    "phone": "+5511",
    "cpf": "00680011854",
    "amountCLP": "",
    "amountUSD": "0.00",
    "date": "2025-05-19T21:15:15.710Z",
    "status": "PENDIENTE"
  },
  {
    "id": "c1eb3e99-8b9c-4522-9769-7c0bf2ab7be6",
    "name": "",
    "email": "",
    "phone": "+5511",
    "cpf": "00680011854",
    "amountCLP": "",
    "amountUSD": "0.00",
    "date": "2025-05-19T21:15:16.127Z",
    "status": "PENDIENTE"
  },
  {
    "id": "b70ea0c1-e6e2-4f23-a8f6-cd426f51d351",
    "name": "",
    "email": "",
    "phone": "+5511",
    "cpf": "00680011854",
    "amountCLP": "",
    "amountUSD": "0.00",
    "date": "2025-05-19T21:15:16.321Z",
    "status": "PENDIENTE"
  },
  {
    "id": "9b0c8530-e637-4e53-8ee3-7ad8994a77dd",
    "name": "",
    "email": "",
    "phone": "+5511",
    "cpf": "00680011854",
    "amountCLP": "",
    "amountUSD": "0.00",
    "date": "2025-05-19T21:16:31.757Z",
    "status": "PENDIENTE"
  },
  {
    "id": "31b4a066-90da-450e-ba75-6b7599aa9d2f",
    "name": "",
    "email": "",
    "phone": "+5511",
    "cpf": "00680011854",
    "amountCLP": "",
    "amountUSD": "0.00",
    "date": "2025-05-19T21:19:42.089Z",
    "status": "PENDIENTE"
  },
  {
    "id": "02ee0be3-4a3b-4759-9e30-30401cc2a79a",
    "name": "marcelo Caracci",
    "email": "mcaracci@gmail.com",
    "phone": "+5511123456789",
    "cpf": "00680011854",
    "amountCLP": "3243",
    "amountUSD": "3.43",
    "date": "2025-05-19T21:19:48.726Z",
    "status": "PENDIENTE"
  },
  {
    "id": "c89ed24e-777f-4e6c-b3fb-fa4f120a5913",
    "name": "marcelo Caracci",
    "email": "mcaracci@gmail.com",
    "phone": "+5511123456789",
    "cpf": "00680011854",
    "amountCLP": "3243",
    "amountUSD": "3.43",
    "date": "2025-05-19T21:19:49.327Z",
    "status": "PENDIENTE"
  },
  {
    "id": "b307d037-8eff-4320-8556-0dfd73b20341",
    "name": "marcelo Caracci",
    "email": "mcaracci@gmail.com",
    "phone": "+5511123456789",
    "cpf": "00680011854",
    "amountCLP": "3243",
    "amountUSD": "3.43",
    "date": "2025-05-19T21:24:01.251Z",
    "status": "PENDIENTE"
  },
  {
    "id": "6751607d-1d71-4270-8a39-f9e97a15172b",
    "name": "marcelo Caracci",
    "email": "mcaracci@gmail.com",
    "phone": "+5511123456789",
    "cpf": "00680011854",
    "amountCLP": "3243",
    "amountUSD": "3.43",
    "date": "2025-05-19T21:24:01.918Z",
    "status": "PENDIENTE"
  },
  {
    "id": "2c41b642-2071-4b6d-9dee-60e954bc13e1",
    "name": "",
    "email": "",
    "phone": "+5511",
    "cpf": "00680011854",
    "amountCLP": "",
    "amountUSD": "0.00",
    "date": "2025-05-19T21:28:22.340Z",
    "status": "PENDIENTE"
  },
  {
    "id": "cda361d4-eac3-4b94-9ed1-d1cd7febc586",
    "name": "",
    "email": "",
    "phone": "+5511",
    "cpf": "00680011854",
    "amountCLP": "",
    "amountUSD": "0.00",
    "date": "2025-05-19T21:29:58.791Z",
    "status": "PENDIENTE"
  },
  {
    "id": "8d42d542-6adb-4c97-b8de-41360ff68e5d",
    "name": "marcelo Caracci",
    "email": "mcaracci@gmail.com",
    "phone": "+5511123456789",
    "cpf": "00680011854",
    "amountCLP": "50000",
    "amountUSD": "52.91",
    "date": "2025-05-19T21:30:50.077Z",
    "status": "PENDIENTE"
  },
  {
    "id": "2abf7235-cdc2-4978-a5b2-04ad6186f4d0",
    "name": "",
    "email": "",
    "phone": "+5511",
    "cpf": "00680011854",
    "amountCLP": "",
    "amountUSD": "0.00",
    "date": "2025-05-19T21:31:56.573Z",
    "status": "PENDIENTE"
  },
  {
    "email": "mcaracci@gmail.com",
    "cpf": "82481792220",
    "name": "marcelo Caracci",
    "phone": "+5511123456789",
    "amountCLP": "334",
    "amountUSD": "0.35",
    "date": "2025-05-20T13:04:50.848Z",
    "status": "PENDIENTE"
  },
  {
    "email": "mcaracci@gmail.com",
    "cpf": "00680011854",
    "name": "marcelo Caracci",
    "phone": "+5511123456789",
    "amountCLP": "66500",
    "amountUSD": "70.37",
    "date": "2025-05-20T13:07:49.087Z",
    "status": "PENDIENTE"
  },
  {
    "email": "mcaracci@gmail.com",
    "cpf": "12979230901",
    "name": "marcelo Caracci",
    "phone": "+5511123456789",
    "amountCLP": "52000",
    "amountUSD": "55.03",
    "date": "2025-05-20T13:09:25.225Z",
    "status": "PENDIENTE"
  }
]